{
    "accuracy": 0.562874251497006,
    "precision": 0.5973333333333334,
    "recall": 0.5114155251141552,
    "f1_score": 0.5510455104551045,
    "auc_score": 0.5903005417342395,
    "confusion_matrix": [
        [
            246,
            151
        ],
        [
            214,
            224
        ]
    ],
    "training_date": "2025-12-31 09:40:17",
    "best_params": {
        "colsample_bytree": 0.8,
        "learning_rate": 0.01,
        "max_depth": 3,
        "n_estimators": 300,
        "subsample": 0.8
    },
    "test_samples": 835,
    "features_count": 16,
    "top_feature": "macd"
}