{
    "accuracy": 0.5604790419161677,
    "precision": 0.5977961432506887,
    "recall": 0.4954337899543379,
    "f1_score": 0.5418227215980025,
    "auc_score": 0.5880289384999368,
    "confusion_matrix": [
        [
            251,
            146
        ],
        [
            221,
            217
        ]
    ],
    "training_date": "2025-12-30 12:05:29",
    "best_params": {
        "colsample_bytree": 0.8,
        "learning_rate": 0.01,
        "max_depth": 3,
        "n_estimators": 300,
        "subsample": 0.8
    },
    "test_samples": 835,
    "features_count": 16,
    "top_feature": "macd"
}